"group","value"
"xz_orig",103274.823132
"xz_mnphy2",73392.729876
"agc",89684.047769
"mbgc",41337.855475
