"group","value"
"xz_orig",103274.823132
"agc",89684.047769
"mbgc",41337.855475
