"group","value"
"xz",103274.823132
"agc",82693.7338099999
"mbgc",37304.5033
