"scheme","dustbin","unknown","rest"
"agc",28874.089627,20982.925251,32836.718932
"mbgc",13919.683797,9106.160994,14278.658509
"xz_orig",21320.768404,25115.950364,56838.104364
